Date,NASDAQ:META,NASDAQ:GOOGL,NASDAQ:GOOG,NYSE:BABA,NASDAQ:AAPL,NASDAQ:COIN,NYSE:ESTC,NYSE:SNOW,OTCMKTS:TCEHY,NASDAQ:TSLA,NYSE:TSM
1/1/2024,#N/A,138.17,139.56,74.76,185.64,156.88,106.54,189.12,37.4,248.42,101.53
1/2/2024,346.29,138.17,139.56,74.76,185.64,156.88,106.54,189.12,37.4,248.42,101.53
1/3/2024,344.47,138.92,140.36,76.59,184.25,152.24,105.65,184.21,38.75,238.45,100.17
1/4/2024,347.12,136.39,138.04,74.66,181.91,155.6,103.34,183.72,37.82,237.93,99.13
1/5/2024,351.95,135.73,137.39,73.01,181.18,153.98,104.1,189.12,37.36,237.49,99.61
1/6/2024,358.66,138.84,140.53,72.88,185.56,159.42,108.69,196.35,37.26,240.45,102.24
1/7/2024,358.66,138.84,140.53,72.88,185.56,159.42,108.69,196.35,37.26,240.45,102.24
1/8/2024,358.66,138.84,140.53,72.88,185.56,159.42,108.69,196.35,37.26,240.45,102.24
1/9/2024,357.43,140.95,142.56,72.02,185.14,151.99,108.61,196.9,36.26,234.96,101.89
1/10/2024,370.47,142.28,143.8,71.41,186.19,151.29,108.04,197.4,35.83,233.94,100.8
1/11/2024,369.67,142.08,143.67,72.38,185.59,141.16,112.29,195.62,36.79,227.22,101.22
1/12/2024,374.49,142.65,144.24,71.84,185.92,130.78,111.94,191.26,36.93,218.89,101.24
1/13/2024,367.46,142.49,144.08,69.46,183.63,133.88,116.58,188.02,35.68,219.91,101.67
1/14/2024,367.46,142.49,144.08,69.46,183.63,133.88,116.58,188.02,35.68,219.91,101.67
1/15/2024,367.46,142.49,144.08,69.46,183.63,133.88,116.58,188.02,35.68,219.91,101.67
1/16/2024,367.46,142.49,144.08,69.46,183.63,133.88,116.58,188.02,35.68,219.91,101.67
1/17/2024,368.37,141.47,142.89,68.93,182.68,133.86,116.16,188.12,35.24,215.55,102.95
1/18/2024,376.13,143.48,144.99,68.05,188.63,124.34,118.25,186.61,35.49,211.88,113.03
1/19/2024,383.45,146.38,147.97,69.42,191.56,124.75,120.33,193.12,35.21,212.19,114.2
1/20/2024,381.78,145.99,147.71,68.63,193.89,128.21,123.22,199.08,34.12,208.8,113.03
1/21/2024,381.78,145.99,147.71,68.63,193.89,128.21,123.22,199.08,34.12,208.8,113.03
1/22/2024,381.78,145.99,147.71,68.63,193.89,128.21,123.22,199.08,34.12,208.8,113.03
1/23/2024,385.2,147.04,148.68,74.02,195.18,124.19,122.23,205.58,36.02,209.14,114.13
1/24/2024,390.7,148.7,150.35,75.2,194.5,121.34,119.42,203.81,36.4,207.83,116.52
1/25/2024,393.18,151.87,153.64,73.85,194.17,121.01,118.12,206.01,37,182.63,116.56
1/26/2024,394.14,152.19,153.79,74.01,192.42,125.2,117.64,202.51,36.55,183.25,117.26
1/27/2024,401.02,153.51,154.84,73.58,191.73,132.82,123.18,209.54,35.72,190.93,116.98
1/28/2024,401.02,153.51,154.84,73.58,191.73,132.82,123.18,209.54,35.72,190.93,116.98
1/29/2024,401.02,153.51,154.84,73.58,191.73,132.82,123.18,209.54,35.72,190.93,116.98
1/30/2024,400.06,151.46,153.05,72.32,188.04,130.82,121.55,206.25,34.9,191.59,116.06
1/31/2024,390.14,140.1,141.8,72.17,184.4,128.2,117.06,195.64,34.84,187.29,112.96
2/1/2024,394.78,141.16,142.71,72.46,186.86,128.95,118.66,199.94,34.88,188.86,113.39
2/2/2024,474.99,142.38,143.54,71.85,185.85,129.22,124.6,218.76,35.29,187.91,115.75
2/3/2024,459.41,143.68,144.93,74.63,187.68,117.3,122.26,215.6,36.05,181.06,118.79
2/4/2024,459.41,143.68,144.93,74.63,187.68,117.3,122.26,215.6,36.05,181.06,118.79
2/5/2024,459.41,143.68,144.93,74.63,187.68,117.3,122.26,215.6,36.05,181.06,118.79
2/6/2024,454.72,144.1,145.41,78.23,189.3,119.79,122.23,213.68,37.75,185.1,119.38
2/7/2024,469.59,145.54,146.68,73.64,189.41,122.07,125.5,218.23,37.27,187.58,124.98
2/8/2024,470,145.91,147.22,70.78,188.32,132.55,126.54,222.9,36.23,189.56,133.73
2/9/2024,468.11,149,150.22,72.02,188.85,141.99,130.39,233.28,37.06,193.57,133.11
2/10/2024,468.9,147.53,148.73,73.14,187.15,147.31,127.68,232.16,37.49,188.13,130.46
2/11/2024,468.9,147.53,148.73,73.14,187.15,147.31,127.68,232.16,37.49,188.13,130.46
2/12/2024,468.9,147.53,148.73,73.14,187.15,147.31,127.68,232.16,37.49,188.13,130.46
2/13/2024,460.12,145.14,146.37,71.6,185.04,140.39,122.55,227.57,36.79,184.02,127.55
2/14/2024,473.28,145.94,147.14,73.39,184.15,160.38,126.6,236,37.24,188.71,129.27
2/15/2024,484.03,142.77,143.94,73.82,183.86,165.67,132.52,232.4,36.63,200.45,129.03
2/16/2024,473.32,140.52,141.76,73.91,182.31,180.31,130.27,230.31,36.91,199.95,126.69
2/17/2024,471.75,141.12,142.2,73.14,181.56,173.3,125.38,220.08,35.99,193.76,125.33
2/18/2024,471.75,141.12,142.2,73.14,181.56,173.3,125.38,220.08,35.99,193.76,125.33
2/19/2024,471.75,141.12,142.2,73.14,181.56,173.3,125.38,220.08,35.99,193.76,125.33
2/20/2024,471.75,141.12,142.2,73.14,181.56,173.3,125.38,220.08,35.99,193.76,125.33
2/21/2024,468.03,142.55,143.84,75.58,182.32,162.41,121.28,216.21,36.74,194.77,125.34
2/22/2024,486.13,144.09,145.32,76.12,184.37,170.91,127.56,225.62,36.94,197.41,129.07
2/23/2024,484.03,143.96,145.29,75.96,182.52,165.98,129.62,229.34,36.95,191.97,129.53
2/24/2024,481.74,137.57,138.75,76.51,181.16,193.94,130.7,230.93,36.53,199.4,130.64
2/25/2024,481.74,137.57,138.75,76.51,181.16,193.94,130.7,230.93,36.53,199.4,130.64
2/26/2024,481.74,137.57,138.75,76.51,181.16,193.94,130.7,230.93,36.53,199.4,130.64
2/27/2024,487.05,138.88,140.1,77.68,182.63,199.22,131.21,234.03,36.42,199.73,128.59
2/28/2024,484.02,136.38,137.43,74.59,181.42,200.8,129.71,230,34.98,202.04,127.38
2/29/2024,490.13,138.46,139.78,74.03,180.75,203.56,133.81,188.28,34.94,201.88,128.67
3/1/2024,502.3,137.14,138.08,74.62,179.66,205.77,117.01,186.72,35.27,202.64,133.9
3/2/2024,498.19,133.35,134.2,72,175.1,229.15,108.4,177.93,34.73,188.14,138.26
3/3/2024,498.19,133.35,134.2,72,175.1,229.15,108.4,177.93,34.73,188.14,138.26
3/4/2024,498.19,133.35,134.2,72,175.1,229.15,108.4,177.93,34.73,188.14,138.26
3/5/2024,490.22,132.67,133.78,72.07,170.12,216.77,108.4,167.75,34.06,180.74,134.97
3/6/2024,496.09,131.4,132.56,73.71,169.12,238.55,108.35,167,34.98,176.54,141.57
3/7/2024,512.19,134.38,135.24,72.54,169,242.62,106.8,168.44,34.63,178.65,149.2
3/8/2024,505.95,135.41,136.29,73.55,170.73,256.62,105.73,162.4,34.51,175.34,146.37
3/9/2024,483.59,137.67,138.94,74.86,172.75,254.17,103.86,162.29,35.61,177.77,139.02
3/10/2024,483.59,137.67,138.94,74.86,172.75,254.17,103.86,162.29,35.61,177.77,139.02
3/11/2024,483.59,137.67,138.94,74.86,172.75,254.17,103.86,162.29,35.61,177.77,139.02
3/12/2024,499.75,138.5,139.62,76.06,173.23,256.14,105.91,161.95,36.98,177.54,144.4
3/13/2024,495.57,139.79,140.77,76.39,171.13,251.73,106.23,162.31,37.04,169.48,142.14
3/14/2024,491.83,143.1,144.34,73.4,173,233.67,103.06,158.92,36.56,162.5,139.62
3/15/2024,484.1,141.18,142.17,73.42,172.62,242.36,101.08,156.97,36.14,163.57,136.98
3/16/2024,496.98,147.68,148.48,73.52,173.72,239.62,101.6,156.31,36.85,173.8,136.64
3/17/2024,496.98,147.68,148.48,73.52,173.72,239.62,101.6,156.31,36.85,173.8,136.64
3/18/2024,496.98,147.68,148.48,73.52,173.72,239.62,101.6,156.31,36.85,173.8,136.64
3/19/2024,496.24,147.03,147.92,73.42,176.08,230.12,101.84,157.7,36.57,171.32,134.87
3/20/2024,505.52,148.74,149.68,74.18,178.67,256.88,103.48,163.04,37.21,175.66,136.75
3/21/2024,507.76,147.6,148.74,73.83,171.37,262,100.93,158.39,36.84,172.82,139.45
3/22/2024,509.58,150.77,151.77,72.13,172.28,255.51,102.38,159.03,36.91,170.83,140.54
3/23/2024,503.02,150.07,151.15,71.46,170.85,279.71,101.05,158.14,36.95,172.63,140.23
3/24/2024,503.02,150.07,151.15,71.46,170.85,279.71,101.05,158.14,36.95,172.63,140.23
3/25/2024,503.02,150.07,151.15,71.46,170.85,279.71,101.05,158.14,36.95,172.63,140.23
3/26/2024,495.89,150.67,151.7,71.48,169.71,266.81,100.45,158.02,38.05,177.67,138.84
3/27/2024,493.86,150.87,151.94,71.59,173.31,256.7,100.13,160.04,38.91,179.83,136.69
3/28/2024,485.58,150.93,152.26,72.36,171.48,265.12,100.24,161.6,39.03,175.79,136.05
3/29/2024,491.35,155.49,156.5,73.37,170.03,252.11,100.56,160.52,39.43,175.22,141.49
3/30/2024,491.35,155.49,156.5,73.37,170.03,252.11,100.56,160.52,39.43,175.22,141.49
3/31/2024,491.35,155.49,156.5,73.37,170.03,252.11,100.56,160.52,39.43,175.22,141.49
4/1/2024,491.35,155.49,156.5,73.37,170.03,252.11,100.56,160.52,39.43,175.22,141.49
4/2/2024,497.37,154.56,155.87,72.88,168.84,245.84,97.98,156.19,39.45,166.63,140.22
4/3/2024,506.74,154.92,156.37,72.44,169.65,251.58,97.61,153.02,39.48,168.38,142
4/4/2024,510.92,150.53,151.94,71.95,168.82,249.61,97.63,151.34,39.4,171.11,139.66
4/5/2024,527.34,152.5,153.94,71.66,169.58,240.9,97.44,153.86,39.42,164.9,141.36
4/6/2024,519.25,154.85,156.14,71.71,168.45,256.99,98.31,154.86,39.53,172.98,142.79
4/7/2024,519.25,154.85,156.14,71.71,168.45,256.99,98.31,154.86,39.53,172.98,142.79
4/8/2024,519.25,154.85,156.14,71.71,168.45,256.99,98.31,154.86,39.53,172.98,142.79
4/9/2024,516.9,156.6,158.14,72.99,169.67,242.95,98.71,155.58,39.09,176.88,145.4
4/10/2024,519.83,156.14,157.66,74.59,167.78,250.99,98.23,152.97,39.34,171.76,146.22
4/11/2024,523.16,159.41,160.79,74.85,175.04,263.01,99.85,159.35,39.88,174.6,147.2
4/12/2024,511.9,157.73,159.19,71.29,176.55,245.75,97.24,158.56,38.7,171.05,142.52
4/13/2024,500.23,154.86,156.33,70.62,172.69,223.41,94.85,151.98,38.47,161.48,140.14
4/14/2024,500.23,154.86,156.33,70.62,172.69,223.41,94.85,151.98,38.47,161.48,140.14
4/15/2024,500.23,154.86,156.33,70.62,172.69,223.41,94.85,151.98,38.47,161.48,140.14
4/16/2024,499.76,154.4,156,69.61,169.38,218.83,95.18,150.3,38.38,157.11,139.8
4/17/2024,494.17,155.47,156.88,68.82,168,213.78,94.61,148.8,38.21,155.45,139.03
4/18/2024,501.8,156.01,157.46,68.88,167.04,218.08,95.31,148.41,38.94,149.93,132.27
4/19/2024,481.07,154.09,155.72,69.07,165,211.01,96.19,145.45,38.98,147.05,127.7
4/20/2024,481.73,156.28,157.95,70.68,165.84,225.86,98.36,147.21,41.02,142.05,129.75
4/21/2024,481.73,156.28,157.95,70.68,165.84,225.86,98.36,147.21,41.02,142.05,129.75
4/22/2024,481.73,156.28,157.95,70.68,165.84,225.86,98.36,147.21,41.02,142.05,129.75
4/23/2024,496.1,158.26,159.92,72.51,166.9,236.43,102.54,151.17,42.48,144.68,133.43
4/24/2024,493.5,159.13,161.1,74.63,169.02,224.37,103.71,154.99,43.85,162.13,132.97
4/25/2024,441.38,156,157.95,75.11,169.89,223.61,104.79,152.5,43.44,170.18,136.58
4/26/2024,443.29,171.95,173.69,75.55,169.3,236.32,107.43,158.13,44.39,168.29,138.3
4/27/2024,432.62,166.15,167.9,76.41,173.5,218.16,103.92,157.44,44.41,194.05,138.5
4/28/2024,432.62,166.15,167.9,76.41,173.5,218.16,103.92,157.44,44.41,194.05,138.5
4/29/2024,432.62,166.15,167.9,76.41,173.5,218.16,103.92,157.44,44.41,194.05,138.5
4/30/2024,430.17,162.78,164.64,74.85,170.33,203.93,102.22,155.2,43.75,183.28,137.34
5/1/2024,439.19,163.86,165.57,75.51,169.3,210.09,105.75,156.14,44.12,179.99,134.94
5/2/2024,441.68,166.62,168.46,80.33,173.03,228.85,106.1,157.77,47.15,180.01,136.23
5/3/2024,451.96,167.24,168.99,81.33,183.38,223.25,105.66,159.32,47.14,181.19,141.56
5/4/2024,465.68,168.1,169.83,81.55,181.71,226.93,107.29,163.68,47.41,184.76,142.83
5/5/2024,465.68,168.1,169.83,81.55,181.71,226.93,107.29,163.68,47.41,184.76,142.83
5/6/2024,465.68,168.1,169.83,81.55,181.71,226.93,107.29,163.68,47.41,184.76,142.83
5/7/2024,468.24,171.25,172.98,79.37,182.4,214.34,106.95,159.09,46.8,177.81,141.11
5/8/2024,472.6,169.38,171.16,78.46,182.74,211.2,105.65,157.78,46.26,174.72,143.6
5/9/2024,475.42,169.96,171.58,79.46,184.57,210.45,104.99,155.87,47.63,171.97,142.79
5/10/2024,476.2,168.65,170.29,80.04,183.05,200.92,106.05,157.15,47.56,168.47,149.26
5/11/2024,468.01,169.14,170.9,84.6,186.28,199.51,107.4,159.79,49.21,171.89,146.41
5/12/2024,468.01,169.14,170.9,84.6,186.28,199.51,107.4,159.79,49.21,171.89,146.41
5/13/2024,468.01,169.14,170.9,84.6,186.28,199.51,107.4,159.79,49.21,171.89,146.41
5/14/2024,471.85,170.34,171.93,79.51,187.43,203.05,109.31,160.95,51.51,177.55,151.95
5/15/2024,481.54,172.51,173.88,80.99,189.72,219.91,111.23,164.37,51.61,173.99,155.58
5/16/2024,473.23,174.18,175.43,86.7,189.84,199.17,108.21,165.04,51.67,174.84,152.23
5/17/2024,471.91,176.06,177.29,88.54,189.87,207.6,110.08,161.86,51.08,177.46,151.68
5/18/2024,468.84,176.92,178.46,88.28,191.04,225.19,110.66,164.78,50.28,174.95,153.55
5/19/2024,468.84,176.92,178.46,88.28,191.04,225.19,110.66,164.78,50.28,174.95,153.55
5/20/2024,468.84,176.92,178.46,88.28,191.04,225.19,110.66,164.78,50.28,174.95,153.55
5/21/2024,464.63,177.85,179.54,86.13,192.35,225.78,109.4,162.71,49.18,186.6,153.67
5/22/2024,467.78,176.38,178,82.68,190.9,231.51,107.86,163.34,48.75,180.11,156.15
5/23/2024,465.78,173.55,175.06,80.8,186.88,218.86,106.05,154.58,48.3,173.74,157.09
5/24/2024,478.22,174.99,176.33,81.26,189.98,237.65,104.95,156.16,48.46,179.24,160
5/25/2024,479.92,176.4,178.02,80.58,189.99,245,100.13,150.74,48.33,176.75,159.41
5/26/2024,479.92,176.4,178.02,80.58,189.99,245,100.13,150.74,48.33,176.75,159.41
5/27/2024,479.92,176.4,178.02,80.58,189.99,245,100.13,150.74,48.33,176.75,159.41
5/28/2024,479.92,176.4,178.02,80.58,189.99,245,100.13,150.74,48.33,176.75,159.41
5/29/2024,474.36,175.9,177.4,79.06,190.29,236.65,102.3,148.19,47.4,176.19,154.34
5/30/2024,467.05,172.11,173.56,79.63,191.29,234.76,93.18,140.95,47.68,178.79,152.96
5/31/2024,466.83,172.5,173.96,78.34,192.25,225.92,104.05,136.18,46.53,178.08,151.04
6/1/2024,477.49,173.17,174.42,77.9,194.03,231.39,102.79,136.93,47.56,176.29,154.95
6/2/2024,477.49,173.17,174.42,77.9,194.03,231.39,102.79,136.93,47.56,176.29,154.95
6/3/2024,477.49,173.17,174.42,77.9,194.03,231.39,102.79,136.93,47.56,176.29,154.95
6/4/2024,476.99,173.79,175.13,78.45,194.35,244.2,102.97,137,48.18,174.77,152.47
6/5/2024,495.06,175.41,177.07,79.83,195.87,251.4,107.21,134.29,49.05,175,162.92
6/6/2024,493.76,176.73,178.35,80.01,194.48,257.08,113.11,132.04,49,177.94,162.07
6/7/2024,492.96,174.46,175.95,78.41,196.89,244.16,111.95,131.21,47.31,177.48,164.39
6/8/2024,502.6,175.01,176.63,79.3,193.12,249.81,112.77,126.76,47.64,173.79,168.16
6/9/2024,502.6,175.01,176.63,79.3,193.12,249.81,112.77,126.76,47.64,173.79,168.16
6/10/2024,502.6,175.01,176.63,79.3,193.12,249.81,112.77,126.76,47.64,173.79,168.16
6/11/2024,507.47,176.62,178.19,77.9,207.15,244.2,111.57,128.48,47.46,170.66,165.71
6/12/2024,508.84,177.79,179.56,78.04,213.07,254.96,114.64,130.33,47.61,177.29,172.98
6/13/2024,504.1,175.16,176.74,75.68,214.24,247.64,112.53,125.9,48.26,182.47,172.91
6/14/2024,504.16,176.79,178.37,73.35,212.49,244.5,114.18,127.17,48.13,178.01,172.51
6/15/2024,506.63,177.24,178.78,74.55,216.67,245.1,112.34,130.67,48.92,187.44,177.24
6/16/2024,506.63,177.24,178.78,74.55,216.67,245.1,112.34,130.67,48.92,187.44,177.24
6/17/2024,506.63,177.24,178.78,74.55,216.67,245.1,112.34,130.67,48.92,187.44,177.24
6/18/2024,499.49,175.09,176.45,74.46,214.29,235.95,109.97,127.6,48.71,184.86,179.69
6/19/2024,501.7,176.3,177.71,74.35,209.68,235.03,108.99,126.62,49.27,181.57,175.38
6/20/2024,501.7,176.3,177.71,74.35,209.68,235.03,108.99,126.62,49.27,181.57,175.38
6/21/2024,494.78,179.63,180.26,73.67,207.49,225.86,108.84,127.8,48.72,183.01,173.96
6/22/2024,498.91,179.22,180.79,74.79,208.14,212.31,108.98,124.8,48.95,182.58,167.81
6/23/2024,498.91,179.22,180.79,74.79,208.14,212.31,108.98,124.8,48.95,182.58,167.81
6/24/2024,498.91,179.22,180.79,74.79,208.14,212.31,108.98,124.8,48.95,182.58,167.81
6/25/2024,510.6,184.03,185.58,73.79,209.07,221.71,108.95,124.21,48.55,187.35,172.6
6/26/2024,513.12,183.88,185.37,74.17,213.25,214.58,110.04,129.13,48.42,196.37,172.07
6/27/2024,519.56,185.41,186.86,72.37,214.1,224,114.76,133.92,47.55,197.42,171.63
6/28/2024,504.22,182.15,183.42,72,210.62,222.23,113.91,135.09,47.36,197.88,173.81
6/29/2024,504.68,182.99,184.49,72.18,216.75,233.37,115.48,142.77,47.46,209.86,172.33
6/30/2024,504.68,182.99,184.49,72.18,216.75,233.37,115.48,142.77,47.46,209.86,172.33
7/1/2024,504.68,182.99,184.49,72.18,216.75,233.37,115.48,142.77,47.46,209.86,172.33
7/2/2024,509.5,185.24,186.61,73.68,220.27,227.51,114.67,141.92,47.4,231.26,175.7
7/3/2024,509.96,185.82,187.39,75.57,221.55,224.94,115.88,142.86,48.77,246.39,182.49
7/4/2024,539.91,190.6,191.96,74.52,226.34,223.68,114.87,143.02,48.44,251.52,183.99
7/5/2024,539.91,190.6,191.96,74.52,226.34,223.68,114.87,143.02,48.44,251.52,183.99
7/6/2024,529.32,189.03,190.48,73.5,227.82,220.56,115.72,141.57,48.34,252.94,186.63
7/7/2024,529.32,189.03,190.48,73.5,227.82,220.56,115.72,141.57,48.34,252.94,186.63
7/8/2024,529.32,189.03,190.48,73.5,227.82,220.56,115.72,141.57,48.34,252.94,186.63
7/9/2024,530,188.98,190.44,75.7,228.68,219.97,112.38,137.46,49.07,262.33,184.52
7/10/2024,534.69,191.18,192.66,76.01,232.98,219.56,115.35,137.5,48.64,263.26,191.05
7/11/2024,512.7,185.57,187.3,78.52,227.57,214.63,120.61,138.18,49.5,241.03,184.5
7/12/2024,498.87,185.07,186.78,79.65,230.54,218.02,122.27,135.75,50.45,248.23,187.35
7/13/2024,496.16,186.53,188.19,78.01,234.4,242.85,118.42,133.72,49.42,252.64,185.22
7/14/2024,496.16,186.53,188.19,78.01,234.4,242.85,118.42,133.72,49.42,252.64,185.22
7/15/2024,496.16,186.53,188.19,78.01,234.4,242.85,118.42,133.72,49.42,252.64,185.22
7/16/2024,489.79,183.92,185.5,78.38,234.82,251.49,118.38,136.21,48.53,256.56,186.04
7/17/2024,461.99,181.02,182.62,77.04,228.88,249.1,115.53,135.1,47.18,248.5,171.2
7/18/2024,475.85,177.69,179.22,76.54,224.18,233.24,111.28,129.84,46.63,249.23,171.87
7/19/2024,476.79,177.66,179.39,75.27,224.31,257.79,111.84,129.85,46.66,239.2,165.77
7/20/2024,487.4,181.67,183.35,76.64,223.96,265.15,113.37,131.15,48.2,251.51,169.35
7/21/2024,487.4,181.67,183.35,76.64,223.96,265.15,113.37,131.15,48.2,251.51,169.35
7/22/2024,487.4,181.67,183.35,76.64,223.96,265.15,113.37,131.15,48.2,251.51,169.35
7/23/2024,488.69,181.79,183.6,76.1,225.01,257.63,117.39,132.6,46.98,246.38,169.82
7/24/2024,461.27,172.63,174.37,75.8,218.54,245.06,110.42,125.62,46.28,215.99,159.8
7/25/2024,453.41,167.28,169.16,75.4,217.49,231.52,113.63,129.59,45.07,220.25,160.28
7/26/2024,465.7,167,168.68,76.53,217.96,242.93,112.67,129,45.56,219.8,161.94
7/27/2024,465.71,169.53,171.13,78.62,218.24,234.2,112.31,129.57,45.61,232.1,160.01
7/28/2024,465.71,169.53,171.13,78.62,218.24,234.2,112.31,129.57,45.61,232.1,160.01
7/29/2024,465.71,169.53,171.13,78.62,218.24,234.2,112.31,129.57,45.61,232.1,160.01
7/30/2024,463.19,170.29,171.86,78,218.8,224.46,106.52,128.88,45.09,222.62,154.54
7/31/2024,474.83,171.54,173.15,78.85,222.08,224.36,109.67,130.38,46.05,232.07,165.8
8/1/2024,497.74,170.76,172.45,77.98,218.36,212.64,107.18,124.2,46.19,216.86,158.18
8/2/2024,488.14,166.66,168.4,77.45,219.86,204.44,102.12,119.77,45.81,207.67,149.86
8/3/2024,475.73,159.25,160.64,76.98,209.27,189.47,100,112.63,45.66,198.88,147.95
8/4/2024,475.73,159.25,160.64,76.98,209.27,189.47,100,112.63,45.66,198.88,147.95
8/5/2024,475.73,159.25,160.64,76.98,209.27,189.47,100,112.63,45.66,198.88,147.95
8/6/2024,494.09,158.29,160.54,77.9,207.23,194.17,101.53,114.82,45.42,200.64,155.39
8/7/2024,488.92,158.94,160.75,77.83,209.82,178.91,101.11,115.1,46.17,191.76,155.04
8/8/2024,509.63,162.03,163.84,80.31,213.31,192.32,104.93,121.6,47.76,198.84,164.55
8/9/2024,517.77,163.67,165.39,79.99,216.24,196.29,104.96,124.41,47.55,200,167.12
8/10/2024,515.95,162.29,163.95,80.91,217.53,191.74,102.77,123.03,48.55,197.49,167.63
8/11/2024,515.95,162.29,163.95,80.91,217.53,191.74,102.77,123.03,48.55,197.49,167.63
8/12/2024,515.95,162.29,163.95,80.91,217.53,191.74,102.77,123.03,48.55,197.49,167.63
8/13/2024,528.54,164.16,165.93,81.1,221.27,197.94,107.16,127.06,48.98,207.83,172.34
8/14/2024,526.76,160.37,162.03,79.47,221.72,195.96,105.57,127.3,47.34,201.38,169.97
8/15/2024,537.33,161.3,163.17,79.54,224.72,197.12,108.79,127.05,47.62,214.14,173.96
8/16/2024,527.42,162.96,164.74,83.18,226.05,205.31,108.81,128.04,48.12,216.12,174.54
8/17/2024,529.28,166.67,168.4,83.91,225.89,204.46,110.94,131.42,48,222.72,175.45
8/18/2024,529.28,166.67,168.4,83.91,225.89,204.46,110.94,131.42,48,222.72,175.45
8/19/2024,529.28,166.67,168.4,83.91,225.89,204.46,110.94,131.42,48,222.72,175.45
8/20/2024,526.73,167.18,168.96,81.04,226.51,197.25,110.39,131.92,47.02,221.1,172.04
8/21/2024,535.16,165.85,167.63,83.53,226.4,206.23,110.08,135.06,47.99,223.27,171.44
8/22/2024,531.93,163.8,165.49,82.96,224.53,198.43,105.57,115.21,47.98,210.66,166.44
8/23/2024,528,165.62,167.43,85.41,226.84,211.4,105.66,115.86,48.37,220.32,171.28
8/24/2024,521.12,166.16,167.93,81.76,227.18,204,107.47,118,48.53,213.21,169.07
8/25/2024,521.12,166.16,167.93,81.76,227.18,204,107.47,118,48.53,213.21,169.07
8/26/2024,521.12,166.16,167.93,81.76,227.18,204,107.47,118,48.53,213.21,169.07
8/27/2024,519.1,164.68,166.38,81.45,228.03,198.3,105.54,115.54,48.75,209.21,170.55
8/28/2024,516.78,162.85,164.5,79.62,226.49,190.2,102.98,111.56,47.78,205.75,169.2
8/29/2024,518.22,161.78,163.4,81.02,229.79,188.28,103.64,114.14,48.25,206.28,169.15
8/30/2024,521.31,163.38,165.11,83.34,229,183.36,76.19,114.23,48.51,214.11,171.7
8/31/2024,511.76,157.36,158.61,82.27,222.77,169.13,73.25,110.41,48.14,210.6,160.49
9/1/2024,511.76,157.36,158.61,82.27,222.77,169.13,73.25,110.41,48.14,210.6,160.49
9/2/2024,511.76,157.36,158.61,82.27,222.77,169.13,73.25,110.41,48.14,210.6,160.49
9/3/2024,511.76,157.36,158.61,82.27,222.77,169.13,73.25,110.41,48.14,210.6,160.49
9/4/2024,512.74,156.45,157.81,82.47,220.85,163.22,73.34,110.8,47.86,219.41,160.87
9/5/2024,516.86,157.24,158.6,82.43,222.38,159.7,72.52,111.75,47.82,230.17,163.7
9/6/2024,500.27,150.92,152.13,81.18,220.82,147.35,70.14,108.56,47.2,210.73,156.82
9/7/2024,504.79,148.71,149.54,81.44,220.91,155.05,71.1,109.96,47.52,216.27,162.78
9/8/2024,504.79,148.71,149.54,81.44,220.91,155.05,71.1,109.96,47.52,216.27,162.78
9/9/2024,504.79,148.71,149.54,81.44,220.91,155.05,71.1,109.96,47.52,216.27,162.78
9/10/2024,504.79,148.66,150.01,83.8,220.11,158.46,72.09,110.27,46.97,226.17,162.43
9/11/2024,511.83,151.16,152.15,84.81,222.66,157.15,74.46,112,47.63,228.13,170.23
9/12/2024,525.6,154.69,155.54,85.49,222.77,162.89,73.82,112.99,47.55,229.81,171.43
9/13/2024,524.62,157.46,158.37,84.69,222.5,163.05,75.24,113.67,47.82,230.29,172.5
9/14/2024,533.28,158.06,158.99,83.6,216.32,161.5,75.8,112.84,48.25,226.78,169.08
9/15/2024,533.28,158.06,158.99,83.6,216.32,161.5,75.8,112.84,48.25,226.78,169.08
9/16/2024,533.28,158.06,158.99,83.6,216.32,161.5,75.8,112.84,48.25,226.78,169.08
9/17/2024,536.32,159.32,160.28,84.7,216.79,162.45,75.16,111.63,48.51,227.87,167.35
9/18/2024,537.95,159.81,160.81,84.42,220.69,162.64,74.92,110.78,48.4,227.2,167.28
9/19/2024,559.1,162.14,163.24,88.49,228.87,168.24,76.3,114.02,50.07,243.92,176.22
9/20/2024,561.35,163.59,164.64,88.29,228.2,170.09,76.39,110.27,49.47,238.25,174.08
9/21/2024,564.41,161.85,163.07,90.09,226.47,170.22,77.04,113.26,50.13,250,174.76
9/22/2024,564.41,161.85,163.07,90.09,226.47,170.22,77.04,113.26,50.13,250,174.76
9/23/2024,564.41,161.85,163.07,90.09,226.47,170.22,77.04,113.26,50.13,250,174.76
9/24/2024,563.33,162.29,163.64,97.19,227.37,171.68,78.19,112.5,53.64,254.27,181.97
9/25/2024,568.31,161.49,162.99,95.46,226.37,167.08,78.32,112.62,52.4,257.02,182.35
9/26/2024,567.84,162.73,163.83,105.07,227.52,179.93,77.54,112.49,57.27,254.22,186.83
9/27/2024,567.36,163.95,165.29,107.33,227.79,191.23,77.35,113.92,57.04,260.46,177.97
9/28/2024,572.44,165.85,167.19,106.12,233,178.17,76.76,114.86,55.4,261.63,173.67
9/29/2024,572.44,165.85,167.19,106.12,233,178.17,76.76,114.86,55.4,261.63,173.67
9/30/2024,572.44,165.85,167.19,106.12,233,178.17,76.76,114.86,55.4,261.63,173.67
10/1/2024,576.47,166.99,168.42,112.74,226.21,165.01,75.01,110.23,57.23,258.02,172.07
10/2/2024,572.81,165.86,167.31,115.25,226.78,164.47,76.49,109.65,60.66,249.02,175.8
10/3/2024,582.77,165.86,167.21,112.84,225.67,163.1,76.2,110.47,59.43,240.66,179.48
10/4/2024,595.94,167.06,168.56,114.53,226.8,170.91,79.01,114.72,60.77,250.08,181.16
10/5/2024,584.78,162.98,164.39,117.52,221.69,168.92,77.14,113.82,62.35,240.83,184.51
10/6/2024,584.78,162.98,164.39,117.52,221.69,168.92,77.14,113.82,62.35,240.83,184.51
10/7/2024,584.78,162.98,164.39,117.52,221.69,168.92,77.14,113.82,62.35,240.83,184.51
10/8/2024,592.89,164.38,165.7,109.68,225.77,167.69,76.51,113.52,57.34,244.5,186.05
10/9/2024,590.51,161.86,163.06,107.89,229.54,166.97,79.87,119.67,56.56,241.05,187.14
10/10/2024,583.83,162.08,163.18,109.28,229.04,164.27,82.03,123.79,56.15,238.77,185.78
10/11/2024,589.95,163.24,164.52,110.14,227.55,176.38,83,124.03,56.7,217.8,190.81
10/12/2024,590.42,164.96,166.35,107.81,231.3,196.35,83.12,123.16,55.86,219.16,192.21
10/13/2024,590.42,164.96,166.35,107.81,231.3,196.35,83.12,123.16,55.86,219.16,192.21
10/14/2024,590.42,164.96,166.35,107.81,231.3,196.35,83.12,123.16,55.86,219.16,192.21
10/15/2024,586.27,165.46,166.9,101.84,233.85,196.34,82.18,122.74,53.12,219.57,187.13
10/16/2024,576.79,165.16,166.74,102.17,231.78,210.48,81.97,118.9,53.76,221.33,187.48
10/17/2024,576.93,162.93,164.51,100.07,232.15,204.2,82.31,119.03,52.74,220.89,205.84
10/18/2024,576.47,163.42,165.05,102.43,235,220.21,81.57,119.54,55.04,220.7,200.78
10/19/2024,575.16,164.07,165.8,100.91,236.48,213.72,80.45,119.56,54.14,218.85,201.95
10/20/2024,575.16,164.07,165.8,100.91,236.48,213.72,80.45,119.56,54.14,218.85,201.95
10/21/2024,575.16,164.07,165.8,100.91,236.48,213.72,80.45,119.56,54.14,218.85,201.95
10/22/2024,582.01,165.14,166.82,100.46,235.86,210.72,79.42,115.5,54.54,217.97,198.48
10/23/2024,563.69,162.78,164.48,98,230.76,198.93,77.61,113.61,54.41,213.65,200.86
10/24/2024,567.78,162.72,164.53,96.36,230.57,209.16,78.4,114.92,54.21,260.48,197.93
10/25/2024,573.25,165.27,166.99,97.42,231.41,205.04,79.35,116.04,54.05,269.19,203.44
10/26/2024,578.16,166.72,168.34,99.93,233.4,216.1,79.52,117.33,54.08,262.51,194.68
10/27/2024,578.16,166.72,168.34,99.93,233.4,216.1,79.52,117.33,54.08,262.51,194.68
10/28/2024,578.16,166.72,168.34,99.93,233.4,216.1,79.52,117.33,54.08,262.51,194.68
10/29/2024,593.28,169.68,171.14,99.83,233.67,219.66,80.98,118.39,53.61,259.52,196.94
10/30/2024,591.8,174.46,176.14,98.7,230.1,211.74,80.98,118.99,52.9,257.55,194.48
10/31/2024,567.58,171.11,172.69,97.98,225.91,179.25,80.23,114.82,52.21,249.85,190.54
11/1/2024,567.16,171.29,172.65,97.58,222.91,182.88,80.84,115.49,53.6,248.98,192.95
11/2/2024,560.68,169.24,170.68,98.4,222.01,186.27,79.63,113.74,53.67,242.84,191.56
11/3/2024,560.68,169.24,170.68,98.4,222.01,186.27,79.63,113.74,53.67,242.84,191.56
11/4/2024,560.68,169.24,170.68,98.4,222.01,186.27,79.63,113.74,53.67,242.84,191.56
11/5/2024,572.43,169.74,171.41,99.21,223.45,193.96,82.4,116.5,54.92,251.44,195.76
11/6/2024,572.05,176.51,178.33,96.73,222.72,254.31,85.35,121.42,53.69,288.53,193.22
11/7/2024,591.7,180.75,182.28,100.14,227.48,255.58,85.98,123.54,56.07,296.91,201.19
11/8/2024,589.34,178.35,179.86,94.19,226.96,270.74,86.95,120.89,53.17,321.22,201.2
11/9/2024,583.17,180.35,181.97,95.42,224.23,324.24,89.96,123.5,52.5,350,194.05
11/10/2024,583.17,180.35,181.97,95.42,224.23,324.24,89.96,123.5,52.5,350,194.05
11/11/2024,583.17,180.35,181.97,95.42,224.23,324.24,89.96,123.5,52.5,350,194.05
11/12/2024,584.82,181.62,183.32,91.78,224.23,319.13,89.8,125.46,51.04,328.49,191.77
11/13/2024,580,178.88,180.49,92,225.12,284.72,90.12,130.73,50.13,330.24,186.66
11/14/2024,577.16,175.58,177.35,90.58,228.22,278.84,89.23,129.27,51.66,311.18,188.5
11/15/2024,554.08,172.49,173.89,88.59,225,305.85,86.32,125.96,51.65,320.72,186.01
11/16/2024,554.4,175.3,176.8,89.35,228.02,325.41,86.06,127.43,52.21,338.74,187.48
11/17/2024,554.4,175.3,176.8,89.35,228.02,325.41,86.06,127.43,52.21,338.74,187.48
11/18/2024,554.4,175.3,176.8,89.35,228.02,325.41,86.06,127.43,52.21,338.74,187.48
11/19/2024,561.09,178.12,179.58,87.11,228.28,324.57,88.27,130.24,51.86,346,189.67
11/20/2024,565.52,175.98,177.33,86.77,229,320.01,88.58,129.12,52.41,342.03,188.36
11/21/2024,563.09,167.63,169.24,85.58,228.52,295.23,94.13,171.35,52.2,339.64,191.24
11/22/2024,559.14,164.76,166.57,83.13,229.87,304.64,108.03,167.44,51.2,352.56,190.08
11/23/2024,565.11,167.65,169.43,85.58,232.87,312.22,111.48,171.42,50.68,338.59,185.08
11/24/2024,565.11,167.65,169.43,85.58,232.87,312.22,111.48,171.42,50.68,338.59,185.08
11/25/2024,565.11,167.65,169.43,85.58,232.87,312.22,111.48,171.42,50.68,338.59,185.08
11/26/2024,573.54,169.12,170.62,85.18,235.06,293.29,111.53,171.28,50.39,338.23,183.84
11/27/2024,569.2,169.23,170.82,86.59,234.93,310.98,110.13,173.7,51.47,332.89,181.19
11/28/2024,574.32,168.95,170.49,87.37,237.33,296.2,109.46,174.8,51.6,345.16,184.66
11/29/2024,574.32,168.95,170.49,87.37,237.33,296.2,109.46,174.8,51.6,345.16,184.66
11/30/2024,592.83,171.49,172.98,85.95,239.59,302.4,113.09,172.42,51.55,357.09,194.4
12/1/2024,592.83,171.49,172.98,85.95,239.59,302.4,113.09,172.42,51.55,357.09,194.4
12/2/2024,592.83,171.49,172.98,85.95,239.59,302.4,113.09,172.42,51.55,357.09,194.4
12/3/2024,613.65,171.34,173.02,85.68,242.65,309.35,112.94,175.94,51.7,351.42,198.89
12/4/2024,613.78,174.37,176.09,84.93,243.01,330.94,116.22,186.51,51.3,357.93,200.69
12/5/2024,608.93,172.64,174.31,84.15,243.04,320.57,111.53,183.06,52.12,369.49,204.3
12/6/2024,623.77,174.71,176.49,85.93,242.84,343.62,110.98,183.64,52.69,389.22,203.02
12/7/2024,613.57,175.37,177.1,92.32,246.75,310.52,107.86,180.76,55.3,389.79,199.17
12/8/2024,613.57,175.37,177.1,92.32,246.75,310.52,107.86,180.76,55.3,389.79,199.17
12/9/2024,613.57,175.37,177.1,92.32,246.75,310.52,107.86,180.76,55.3,389.79,199.17
12/10/2024,619.32,185.17,186.53,89.83,247.77,302.42,103.81,171.55,53.05,400.99,191.94
12/11/2024,632.68,195.4,196.71,88.98,246.49,313.81,107.04,171.96,52.78,424.77,194.6
12/12/2024,630.79,191.96,193.63,89.23,247.96,312.96,107.26,170,52.99,418.1,191.46
12/13/2024,620.35,189.82,191.38,87.82,248.13,310.58,104.05,167.67,52.64,436.23,200.99
12/14/2024,624.24,196.66,198.16,86.06,251.04,315.31,104.61,172.47,51.8,463.02,202.22
12/15/2024,624.24,196.66,198.16,86.06,251.04,315.31,104.61,172.47,51.8,463.02,202.22
12/16/2024,624.24,196.66,198.16,86.06,251.04,315.31,104.61,172.47,51.8,463.02,202.22
12/17/2024,619.44,195.42,197.12,87.15,253.48,311.64,107.25,170.81,52.27,479.86,200.66
12/18/2024,597.19,188.4,190.15,85,248.05,279.86,103.91,162.59,51.52,440.13,195.56
12/19/2024,595.57,188.51,189.7,84.31,249.79,273.92,103.71,164.21,53.08,436.17,194.64
12/20/2024,585.25,191.41,192.96,82.28,254.49,278.71,103.63,166.29,54.68,421.06,197.21
12/21/2024,599.85,194.63,195.99,85.14,255.27,268.15,102.67,161.44,54.17,430.6,207.36
12/22/2024,599.85,194.63,195.99,85.14,255.27,268.15,102.67,161.44,54.17,430.6,207.36
12/23/2024,599.85,194.63,195.99,85.14,255.27,268.15,102.67,161.44,54.17,430.6,207.36
12/24/2024,607.75,196.11,197.57,85.52,258.2,279.62,103.62,163.06,53.97,462.28,206.33
12/25/2024,603.35,195.6,197.1,86.08,259.02,274.41,103.62,163.48,54.11,454.13,203.06
12/26/2024,603.35,195.6,197.1,86.08,259.02,274.41,103.62,163.48,54.11,454.13,203.06
12/27/2024,599.81,192.76,194.04,85.06,255.59,265.71,101.52,158.65,53.6,431.66,201.63
12/28/2024,591.24,191.24,192.69,84.13,252.2,255.56,100.28,154.97,53.23,417.41,200.39
12/29/2024,591.24,191.24,192.69,84.13,252.2,255.56,100.28,154.97,53.23,417.41,200.39
12/30/2024,591.24,191.24,192.69,84.13,252.2,255.56,100.28,154.97,53.23,417.41,200.39
12/31/2024,585.51,189.3,190.44,84.79,250.42,248.3,99.08,154.41,53.18,403.84,197.49